id,spec_section,spec_line,requirement,acceptance,milestone,scenarios,execution,gap
UC-01,UC-01,196,Подключить проект,"AC v0.1 «По юзеркейсам», UC-01, L22",M2; validator M1,M1-PIPE-01; M1-PIPE-02,M1-PIPE-01: partial (step 1: pipelineApplied → project flags / scheduler); M1-PIPE-02: partial (step 1: non-task command → daemon/validator),Identity required/missing/invalid и no mutation отсутствуют в M1 JSON; addProject M2.
UC-02,UC-02,222,Завести задачу,"AC v0.1 «По юзеркейсам», UC-02, L23",M1,нет покрытия,нет покрытия сценариями M1,Нет M1-TASK-01: create/edit/acceptance admission; существующий task-machine не обработчик создания.
UC-03,UC-03,228,Автозапуск задачи,"AC v0.1 «По юзеркейсам», UC-03, L24",M1,M1-FLOW-01; M1-MODELFLAG-01; M1-POOL-01; M1-WIP-01,"M1-FLOW-01: full unchecked: event taskUpdated; M1-MODELFLAG-01: partial (step 1: multi-task tick → scheduler (WIP, flags, fairness)) unchecked: given.flags; M1-POOL-01: partial (step 1: multi-task tick → scheduler (WIP, flags, fairness)) unchecked: given.flags; M1-WIP-01: partial (step 1: multi-task tick → scheduler (WIP, flags, fairness))",Нет исполняемого scheduler: priority/FIFO/no head-of-line blocking/WIP/flags.
UC-04,UC-04,234,Пройти стадию,"AC v0.1 «По юзеркейсам», UC-04, L25",M1; gates M2,M1-FLOW-01; M1-RETRY-03,M1-FLOW-01: full unchecked: event taskUpdated; M1-RETRY-03: full unchecked: event taskUpdated,Read-only rollback и повтор -> invalid_result отсутствуют в JSON; green/red gate только fake state input.
UC-05,UC-05,242,Возврат от тестера,"AC v0.1 «По юзеркейсам», UC-05, L26",M1,M1-BOUNCE-01; M1-BOUNCE-02; M1-RETRY-02,M1-BOUNCE-01: full unchecked: event taskUpdated; M1-BOUNCE-02: full unchecked: event taskUpdated; M1-RETRY-02: full unchecked: event taskUpdated,Нет readOnly/non-agent/nil default return boundary в JSON; человеческий return без счётчика не полон.
UC-06,UC-06,250,Агент просит человека,"AC v0.1 «По юзеркейсам», UC-06, L27",M1,M1-MAXWH-01; M1-WIP-02,"M1-MAXWH-01: partial (step 1: multi-task tick → scheduler (WIP, flags, fairness)); M1-WIP-02: partial (step 2: multi-task tick → scheduler (WIP, flags, fairness)) unchecked: event taskUpdated",Scheduler intake/priority/resume не исполняются; scope замечания требует #9.
UC-07,UC-07,260,Ревью человеком,"AC v0.1 «По юзеркейсам», UC-07, L28",M1,M1-CANCEL-01; M1-MAXWH-01,"M1-CANCEL-01: full unchecked: event taskUpdated; M1-MAXWH-01: partial (step 1: multi-task tick → scheduler (WIP, flags, fairness))",Нет requestChanges/reject stage/readOnly/cancel boundary JSON; review admission требует #11.
UC-08,UC-08,268,Слияние и конфликт,"AC v0.1 «По юзеркейсам», UC-08, L29",M4,нет покрытия,нет покрытия сценариями M1,M4: merge serialisation/dirty main/conflict recovery отсутствуют.
UC-09,UC-09,281,Лимиты Cursor,"AC v0.1 «По юзеркейсам», UC-09, L30",M1; recognition M4,M1-MODELFLAG-01; M1-POOL-01; M1-POOL-02; M1-RATE-01; M1-SILENT-01,"M1-MODELFLAG-01: partial (step 1: multi-task tick → scheduler (WIP, flags, fairness)) unchecked: given.flags; M1-POOL-01: partial (step 1: multi-task tick → scheduler (WIP, flags, fairness)) unchecked: given.flags; M1-POOL-02: partial (step 1: multi-task tick → scheduler (WIP, flags, fairness)) unchecked: given.flags; M1-RATE-01: partial (step 4: non-task command → daemon/validator) unchecked: flags; M1-SILENT-01: full unchecked: event taskUpdated,probes",Flag/cooldown/pool/probe dispatcher отсутствует; часть сценариев partial.
UC-10,UC-10,301,Сбой агента,"AC v0.1 «По юзеркейсам», UC-10, L31",M1,M1-RETRY-01; M1-RETRY-03; M1-RUNLIMIT-01; M1-RUNLIMIT-02; M1-WIP-03,"M1-RETRY-01: full unchecked: event taskUpdated; M1-RETRY-03: full unchecked: event taskUpdated; M1-RUNLIMIT-01: full unchecked: event taskUpdated; M1-RUNLIMIT-02: full unchecked: event taskUpdated; M1-WIP-03: partial (step 2: multi-task tick → scheduler (WIP, flags, fairness)) unchecked: event taskUpdated",Нет физического clone recovery/WIP refs; attempts/backoff/run cap проверяет чистый автомат.
UC-11,UC-11,307,Ручное управление,"AC v0.1 «По юзеркейсам», UC-11, L32",M1,M1-CANCEL-01; M1-MACPAUSE-01; M1-PAUSE-01,"M1-CANCEL-01: full unchecked: event taskUpdated; M1-MACPAUSE-01: partial (step 1: non-task command → daemon/validator); M1-PAUSE-01: full unchecked: event taskUpdated,runEnd",Global pause partial; clone removal/archive/kill не подтверждены чистым автоматом.
UC-12,UC-12,315,Перезапуск демона или Мака,"AC v0.1 «По юзеркейсам», UC-12, L33",M1; processes M2,M1-NOCHARGE-daemon_restart,M1-NOCHARGE-daemon_restart: full unchecked: event taskUpdated,Нет journal restart/catch-up + gating recovery сценария; reason daemon_restart проверен отдельно.
UC-13,UC-13,321,"Изменить пайплайн, пока в нём есть задачи","AC v0.1 «По юзеркейсам», UC-13, L34",M1,M1-PIPE-02,M1-PIPE-02: partial (step 1: non-task command → daemon/validator),"Нет M1-PIPE-03..05: active stage removal, WIP decrease, next-run effect и commit atomicity."
UC-14,UC-14,335,Работа с несколькими проектами,"AC v0.1 «По юзеркейсам», UC-14, L35",M1,M1-FAIR-01,"M1-FAIR-01: partial (step 1: multi-task tick → scheduler (WIP, flags, fairness))",Fairness scenario partial; нет scheduler/missing-directory integration.
UC-15,UC-15,344,"Выбрать, какие проекты показывать на доске","AC v0.1 «По юзеркейсам», UC-15, L36",M3,нет покрытия,нет покрытия сценариями M1,M3: board UI отсутствует; BoardSet unit tests не проверяют shortcut/relaunch.
UC-16,UC-16,354,Маскот проекта,"AC v0.1 «По юзеркейсам», UC-16, L37",M3,нет покрытия,нет покрытия сценариями M1,M3: визуальный маскот и ручной picker исключены как Designer; UC сохранён для трассировки.
UC-17,UC-17,364,Агент пытается выполнить запрещённую git-команду,"AC v0.1 «По юзеркейсам», UC-17, L38",M1; wrapper M2,M1-GIT-01,M1-GIT-01: full unchecked: event taskUpdated,Denial count проверен; delivery/atomic one-shot/expiry lifecycle требует daemon.
UC-18,UC-18,381,"Инцидент: агент изменил то, что ему нельзя","AC v0.1 «По юзеркейсам», UC-18, L39",M2,нет покрытия,нет покрытия сценариями M1,M2: incident runtime отсутствует; классификация .kaban rollback требует #10.
UC-19,UC-19,391,Настроить git-политику проекта,"AC v0.1 «По юзеркейсам», UC-19, L40",M2; policy M1,нет покрытия,нет покрытия сценариями M1,"Нет M1-POLICY-01..03 JSON; unit resolver есть, runtime refs/path enforcement M2."
UC-20,UC-20,402,Cursor недоступен или разлогинен,"AC v0.1 «По юзеркейсам», UC-20, L41",M1; live check M2,M1-NOCHARGE-runner_auth,"M1-NOCHARGE-runner_auth: full unchecked: event taskUpdated,flags",Runner flag/5-minute recheck не исполняются; no-charge state проверен.
UC-21,UC-21,411,Проверка квоты перед стартом (опция),"AC v0.1 «По юзеркейсам», UC-21, L42",M4,нет покрытия,нет покрытия сценариями M1,M4: live quota freshness/admission отсутствуют; nullable DTO unit tests не admission.
UC-22,UC-22,426,Cursor подменил модель,"AC v0.1 «По юзеркейсам», UC-22, L43",M1; live check M2,M1-SUBST-01,"M1-SUBST-01: partial (step 2: multi-task tick → scheduler (WIP, flags, fairness)) unchecked: ephemeral,event taskUpdated",M1-SUBST-01 partial: kill-before-tool/model flag propagation отсутствуют.
UC-23,UC-23,439,Стадия без модели,"AC v0.1 «По юзеркейсам», UC-23, L44",M1,M1-PIPE-01; M1-PIPE-02,M1-PIPE-01: partial (step 1: pipelineApplied → project flags / scheduler); M1-PIPE-02: partial (step 1: non-task command → daemon/validator),Validator unit coverage есть; project flag/ongoing run dispatch M1 partial.
UC-24,UC-24,448,Настроить MCP для запусков проекта,"AC v0.1 «По юзеркейсам», UC-24, L45",M2; validator M1,M1-PIPE-02,M1-PIPE-02: partial (step 1: non-task command → daemon/validator),M2 discovery/start fail-closed отсутствуют; PIPE-02 лишь validator warning.
UC-25,UC-25,458,В ветке задачи подозрительные файлы,"AC v0.1 «По юзеркейсам», UC-25, L46",M1; git diff M2,M1-SUSP-01; M1-SUSP-02; M1-SUSP-03; M1-SUSP-04; M1-SUSP-05,M1-SUSP-01: full unchecked: event taskUpdated; M1-SUSP-02: full unchecked: event taskUpdated; M1-SUSP-03: full; M1-SUSP-04: full unchecked: event taskUpdated; M1-SUSP-05: full unchecked: event taskUpdated,5 fake branchFiles tests; реальные whole-diff/blob/freeze checks M2.
R-1-01,§1,35,Шаблон пайплайна по умолчанию: **Backlog → Dev → Test → AI Review → Human Review → Merge → Done**. Реальный набор столбцов берётся из `.kaban/pipeline.yaml` проекта (раздел 1.5).,нет критерия,M1/M2/M3,нет покрытия,нет покрытия сценариями M1,Нет отдельного M1 JSON с этим точным ожиданием.
R-1.1-01,§1.1,38,"Единый набор статусов и причин (`reason`) определён в **архитектуре, раздел 3.2**, и спека его не дублирует. Для чтения юзеркейсов достаточно знать:",нет критерия,M1/M3,нет покрытия,нет покрытия сценариями M1,Нет отдельного M1 JSON с этим точным ожиданием.
R-1.1-02,§1.1,39,"- задача всегда стоит в одной стадии и имеет один статус: `queued`, `running`, `gating`, `retry_wait`, `waiting_human`, `paused`, `blocked`, `done`, `cancelled`;",AC v0.1 UC-03 L24 (связанный; не всегда точный),M1,M1-FLOW-01,M1-FLOW-01: full unchecked: event taskUpdated,Состояния pure FSM; не весь production lifecycle.
R-1.1-03,§1.1,40,"- всё, что требует решения человека, это `waiting_human` с причиной (вопрос агента, ревью, исчерпаны ретраи, лимит возвратов (общий, у пары, при красном гейте, при конфликте), лимит запусков `run_limit`, подмена модели `model_substituted`, отказы git, инцидент, подозрительные файлы `suspicious_files`, некорректный результат read-only стадии);",AC v0.1 UC-10 L31 (связанный; не всегда точный),M1,M1-GIT-01; M1-RUNLIMIT-01; M1-SUSP-01,M1-GIT-01: full unchecked: event taskUpdated; M1-RUNLIMIT-01: full unchecked: event taskUpdated; M1-SUSP-01: full unchecked: event taskUpdated,Не все причины в M1 JSON.
R-1.1-04,§1.1,41,"- задача в `queued` может нести подпись-причину, почему не стартует: «ждёт места», «ждёт квоту Cm/Om», «на модели флаг». Такая задача **не держит очередь**: планировщик берёт следующую в стадии;",AC v0.1 UC-03 L24 (связанный; не всегда точный),M1,M1-POOL-01; M1-WIP-01,"M1-POOL-01: partial (step 1: multi-task tick → scheduler (WIP, flags, fairness)) unchecked: given.flags; M1-WIP-01: partial (step 1: multi-task tick → scheduler (WIP, flags, fairness))",Scheduler partial.
R-1.1-05,§1.1,42,"- всё, что касается целого Мака или проекта, это **флаги планировщика**, а не статусы задач (таблица флагов там же, в 3.2): задачи остаются `queued`, новые запуски не стартуют, текущие доигрывают. Флаги Мака (ручная пауза, rate-limit, квота исчерпана с неизвестным пулом, «Cursor недоступен») показываются баннером над доской, исчерпанный пул Cm или Om отдельным баннером пула со знаком на шапках столбцов его моделей, флаги проекта (пауза, лимит ожидающих, проект недоступен, включая некорректный пайплайн и лишний MCP-сервер, слияние заблокировано) в шапке дорожки, флаги модели (недоступна, подменена) тонким баннером над доской и знаком в шапках столбцов на этой модели;",AC v0.1 UC-09 L30 (связанный; не всегда точный),M1; recognition M4,M1-MACPAUSE-01; M1-RATE-01,M1-MACPAUSE-01: partial (step 1: non-task command → daemon/validator); M1-RATE-01: partial (step 4: non-task command → daemon/validator) unchecked: flags,Flags/баннеры не проверены.
R-1.1-06,§1.1,43,"- `blocked` бывает только у задачи в голове очереди слияния, когда `main` в рабочей копии человека грязный;",AC v0.1 UC-08 L29 (связанный; не всегда точный),M4,нет покрытия,нет покрытия сценариями M1,M4 merge.
R-1.1-07,§1.1,44,"- счётчик возвратов, пересечение файлов и неиспользованное git-разрешение это бейджи на карточке, а не статусы.",AC v0.1 UC-15 L36 (связанный; не всегда точный),M3,нет покрытия,нет покрытия сценариями M1,M3 card rendering отсутствует.
R-1.2-01,§1.2,47,"- `waiting_human` **не занимает** WIP-слот стадии: процесс агента завершается, клон задачи и сессия сохраняются. Дефицитный ресурс это агентские слоты и квота Cursor.",AC v0.1 UC-06 L27 (связанный; не всегда точный),M1,M1-WIP-02,"M1-WIP-02: partial (step 2: multi-task tick → scheduler (WIP, flags, fairness)) unchecked: event taskUpdated",Scheduler WIP partial; #11 human admission.
R-1.2-02,§1.2,48,"- Чтобы недоделки не копились, у каждого проекта есть **`max_waiting_human` (по умолчанию 3)**. Задачи на ревью человека (`reason = review`) в него не входят. Когда лимит достигнут, этот проект перестаёт брать **новые** задачи из Backlog, начатые продолжают двигаться; в шапке дорожки проекта баннер.",AC v0.1 UC-06 L27 (связанный; не всегда точный),M1,M1-MAXWH-01,"M1-MAXWH-01: partial (step 1: multi-task tick → scheduler (WIP, flags, fairness))",max waiting scheduling partial.
R-1.2-03,§1.2,49,"- После ответа человека задача встаёт в очередь своей стадии **раньше новых** и продолжает ту же сессию, если resume работает в headless-режиме (спайк 1); иначе стадия стартует заново с ответом в контексте.",AC v0.1 UC-06 L27 (связанный; не всегда точный),M1,M1-WIP-02,"M1-WIP-02: partial (step 2: multi-task tick → scheduler (WIP, flags, fairness)) unchecked: event taskUpdated",Priority partial; live resume M2.
R-1.2-04,§1.2,50,"- Human Review это обычная стадия типа `human` со своим WIP (по умолчанию 5). Когда она заполнена, задачи перед ней стоят в `queued`.",AC v0.1 UC-07 L28 (связанный; не всегда точный),M1,M1-MAXWH-01,"M1-MAXWH-01: partial (step 1: multi-task tick → scheduler (WIP, flags, fairness))","Review capacity partial, #11."
R-1.3-01,§1.3,53,Возврат это решение агента или демона отправить задачу на более раннюю стадию.,нет критерия,M1/M3,нет покрытия,нет покрытия сценариями M1,Нет отдельного M1 JSON с этим точным ожиданием.
R-1.3-02,§1.3,54,- Test → Dev: **3** на задачу.,AC v0.1 UC-05 L26 (связанный; не всегда точный),M1,M1-BOUNCE-01,M1-BOUNCE-01: full unchecked: event taskUpdated,Pair Test->Dev only.
R-1.3-03,§1.3,55,- AI Review → Dev: **2**.,AC v0.1 UC-05 L26 (связанный; не всегда точный),M1,нет покрытия,нет покрытия сценариями M1,Нет отдельного AI Review->Dev JSON.
R-1.3-04,§1.3,56,"- Конфликт слияния → первая агентская стадия, которая правит код: **2**.",AC v0.1 UC-08 L29 (связанный; не всегда точный),M4,нет покрытия,нет покрытия сценариями M1,M4 conflict.
R-1.3-05,§1.3,57,- Общий потолок автоматических возвратов на задачу: **5**.,AC v0.1 UC-05 L26 (связанный; не всегда точный),M1,M1-BOUNCE-02,M1-BOUNCE-02: full unchecked: event taskUpdated,Total boundary input FSM.
R-1.3-06,§1.3,58,"- При превышении задача уходит в `waiting_human` (`bounce_limit` или `conflict_limit`) со сводкой всех замечаний. Варианты для человека: дать ещё попыток, сменить модель, отредактировать задачу, отменить.",AC v0.1 UC-05 L26 (связанный; не всегда точный),M1,M1-BOUNCE-01; M1-BOUNCE-02,M1-BOUNCE-01: full unchecked: event taskUpdated; M1-BOUNCE-02: full unchecked: event taskUpdated,Summary/actions UI M3 отсутствует.
R-1.3-07,§1.3,59,- Возвраты **от человека** в лимиты не входят.,AC v0.1 UC-07 L28 (связанный; не всегда точный),M1,нет покрытия,нет покрытия сценариями M1,Нет dedicated human-return JSON.
R-1.3-08,§1.3,60,- Все лимиты настраиваются в пайплайне на каждую стадию.,нет критерия,M1/M3,нет покрытия,нет покрытия сценариями M1,Нет отдельного M1 JSON с этим точным ожиданием.
R-1.3-09,§1.3,61,"- **Куда возвращать** (арх. v0.11.6 §3.1). Вернуть задачу можно только на agent-стадию с `readOnly = false`; это касается `returns_to`, `on_fail`, `on_conflict`, `requestChanges.target` и `reject` в стадию.",AC v0.1 UC-05 L26 (связанный; не всегда точный),M1,нет покрытия,нет покрытия сценариями M1,Read-only return boundary missing.
R-1.3-10,§1.3,62,"- Без явной цели: gate (`on_fail` без `stage` или без блока `on_fail`, лимит 3) ведёт на ближайшую предыдущую по цепочке `on_success` такую стадию; merge (`on_conflict`) и `requestChanges` ведут на первую такую стадию.",AC v0.1 UC-05 L26 (связанный; не всегда точный),M1,нет покрытия,нет покрытия сценариями M1,Нет nil/resolved default JSON.
R-1.3-11,§1.3,63,"- Явная цель на read-only стадию или не на agent-стадию (например, `returns_to: backlog`), а также отсутствие подходящей стадии → пайплайн невалиден: `no_return_target`, `stageId` стадии, у которой этот возврат. `unknown_stage` только для id, которого нет в пайплайне. Если подходящей стадии нет для `requestChanges`, ошибка на уровне пайплайна без `stageId` (только когда в пайплайне есть human-, gate- или merge-стадия).",AC v0.1 UC-13 L34 (связанный; не всегда точный),M1,нет покрытия,нет покрытия сценариями M1,"Validator unit tests, no dedicated scenario."
R-1.3-12,§1.3,64,"- Ручной `requestChanges` или `reject` на read-only стадию → `invalid_state`; `reject` в отмену разрешён всегда. `moveTask` туда разрешён: это перенос, а не возврат.",AC v0.1 UC-07 L28 (связанный; не всегда точный),M1,нет покрытия,нет покрытия сценариями M1,Нет requestChanges/reject readonly/cancel JSON.
R-1.3-13,§1.3,65,"- Красный gate на месте не повторяется. Демон присылает `StageSummary.onFail`/`onConflict` уже разрешёнными, а умолчание `requestChanges` (в т. ч. из Human Review) — в `PipelineSummary.defaultReturnStage` (арх. v0.11.5); UI ничего не вычисляет, в «Куда» read-only стадий нет, а `stage`/`target` всегда передаются явно.",AC v0.1 UC-07 L28 (связанный; не всегда точный),M1,нет покрытия,нет покрытия сценариями M1,DTO/projection units не UI action.
R-1.3-14,§1.3,66,"- **Подписи.** Ключ `bounce_limit_total` и причина `bounce_limit` остаются разными, у каждого своя подпись:",нет критерия,M3,нет покрытия,нет покрытия сценариями M1,"Текст/рендер API отсутствует; каталог F4 отдельно, Designer исключён."
R-1.3-15,§1.3,67,"- настройки пайплайна: «Общий лимит возвратов» (`bounce_limit_total`, 5) и «Лимит возвратов» у пары (например, «Test → Dev: 3»);",нет критерия,M3,нет покрытия,нет покрытия сценариями M1,"Текст/рендер API отсутствует; каталог F4 отдельно, Designer исключён."
R-1.3-16,§1.3,68,"- причина на карточке и в ленте состоит из двух частей: заголовок и уточнение, какой лимит сработал; разделитель — дело вёрстки. На карточке заголовок слева, уточнение справа. В ленте одна строка через « · », например «Лимит возвратов · при конфликте, 2 из 2». Уточнения:",нет критерия,M3,нет покрытия,нет покрытия сценариями M1,"Текст/рендер API отсутствует; каталог F4 отдельно, Designer исключён."
R-1.3-17,§1.3,69,"- общий (`bounce_limit_total`): «общий, 5 из 5»;",нет критерия,M3,нет покрытия,нет покрытия сценариями M1,"Текст/рендер API отсутствует; каталог F4 отдельно, Designer исключён."
R-1.3-18,§1.3,70,"- пара `returns_to`: «<откуда> → <куда>, 3 из 3», имена стадий берутся из пайплайна, например «Test → Dev, 3 из 3», «AI Review → Dev, 2 из 2»;",нет критерия,M3,нет покрытия,нет покрытия сценариями M1,"Текст/рендер API отсутствует; каталог F4 отдельно, Designer исключён."
R-1.3-19,§1.3,71,"- `on_fail.limit`: «при красном гейте, 3 из 3»;",нет критерия,M3,нет покрытия,нет покрытия сценариями M1,"Текст/рендер API отсутствует; каталог F4 отдельно, Designer исключён."
R-1.3-20,§1.3,72,"- `on_conflict.limit`: «при конфликте, 2 из 2»;",нет критерия,M3,нет покрытия,нет покрытия сценариями M1,"Текст/рендер API отсутствует; каталог F4 отдельно, Designer исключён."
R-1.3-21,§1.3,73,"- `run_limit` (`max_runs_per_task`): заголовок «Лимит запусков на задачу», уточнение «12 из 12».",нет критерия,M3,нет покрытия,нет покрытия сценариями M1,"Текст/рендер API отсутствует; каталог F4 отдельно, Designer исключён."
R-1.3-22,§1.3,74,"Слова те же, что в подписях полей §4.1.",нет критерия,M3,нет покрытия,нет покрытия сценариями M1,"Текст/рендер API отсутствует; каталог F4 отдельно, Designer исключён."
R-1.3-23,§1.3,75,- счётчики в листе «Вернуть…»: «Всего возвратов N/лимит» (сумма `bounceByReason`) и «<откуда> → <куда> N/лимит».,нет критерия,M3,нет покрытия,нет покрытия сценариями M1,"Текст/рендер API отсутствует; каталог F4 отдельно, Designer исключён."
R-1.4-01,§1.4,78,"Ретрай это повтор той же стадии из-за технического сбоя: краш, зависание (нет событий 10 мин), общий таймаут стадии (60 мин), агент завершился без финального вызова, гейт не прошёл. Возврат (1.3) это другой механизм со своими счётчиками.",нет критерия,M1/M3,нет покрытия,нет покрытия сценариями M1,Нет отдельного M1 JSON с этим точным ожиданием.
R-1.4-02,§1.4,79,"- Пока ждём повтора, задача в `retry_wait` и держит слот. По умолчанию **3 попытки** на стадию: первая и два повтора с паузами **30 с и 2 мин** (пауз на одну меньше, чем попыток; утверждено Артёмом 4 октября). Дальше `waiting_human: retries_exhausted`.",AC v0.1 UC-10 L31 (связанный; не всегда точный),M1,M1-RETRY-01,M1-RETRY-01: full unchecked: event taskUpdated,"FSM timings, no real-clock dispatcher."
R-1.4-03,§1.4,80,- Счётчик попыток живёт **в пределах одного захода в стадию**: после возврата или нового входа он начинается заново.,AC v0.1 UC-10 L31 (связанный; не всегда точный),M1,M1-RETRY-02,M1-RETRY-02: full unchecked: event taskUpdated,Reset on stage entry.
R-1.4-04,§1.4,81,"- С чем стартует повтор: после красного гейта или выхода без финального вызова агент продолжает в том же клоне, в промпт добавляется вывод гейта или напоминание закончить через `complete_stage`. После краша или зависания демон сохраняет грязное состояние в `refs/kaban/wip/<run-id>` внутри клона и откатывает клон к последнему коммиту стадии; человек может восстановить это состояние из панели деталей.",AC v0.1 UC-10 L31 (связанный; не всегда точный),M1,M1-RETRY-03,M1-RETRY-03: full unchecked: event taskUpdated,Clone/WIP refs physical recovery отсутствует.
R-1.4-05,§1.4,82,"- **Не списывают попытку:** rate-limit, исчерпанная квота, ошибка авторизации Cursor, перезапуск демона, молчаливый выход (ниже), остановка из-за подмены модели (UC-22), ожидание квоты или флага модели.",AC v0.1 UC-10 L31 (связанный; не всегда точный),M1,M1-NOCHARGE-daemon_restart; M1-NOCHARGE-rate_limit; M1-NOCHARGE-runner_auth; M1-SILENT-01; M1-SUBST-01,"M1-NOCHARGE-daemon_restart: full unchecked: event taskUpdated; M1-NOCHARGE-rate_limit: full unchecked: event taskUpdated,flags; M1-NOCHARGE-runner_auth: full unchecked: event taskUpdated,flags; M1-SILENT-01: full unchecked: event taskUpdated,probes; M1-SUBST-01: partial (step 2: multi-task tick → scheduler (WIP, flags, fairness)) unchecked: ephemeral,event taskUpdated",Флаги/пробы/kill частично не проверены.
R-1.4-06,§1.4,83,"- **Молчаливый выход.** Агент вышел, не сделав ни одного вызова инструмента и не изменив ни одного файла. Попытка пока не списывается, демон делает пробный запуск на той же модели (одна проба на модель за раз, не чаще раза в 10 минут). Нашлась лимитная причина → флаг по UC-09; проба прошла чисто → это обычный сбой, попытка списывается.",AC v0.1 UC-09 L30 (связанный; не всегда точный),M1; recognition M4,M1-SILENT-01,"M1-SILENT-01: full unchecked: event taskUpdated,probes",Probes explicitly unchecked.
R-1.4-07,§1.4,84,"- Ретрай, который упёрся в квоту или флаг модели, освобождает WIP-слот и уходит в `queued` с причиной.",AC v0.1 UC-03 L24 (связанный; не всегда точный),M1,нет покрытия,нет покрытия сценариями M1,Нет dedicated retry quota/flag WIP-release JSON.
R-1.4-08,§1.4,85,"- **Общий потолок `max_runs_per_task` (по умолчанию 12)** на задачу. Считаются только автоматические запуски, те, что не списывают попытку, не считаются. Любое действие человека над задачей (ответ или замечание, перезапуск стадии, перенос, возврат с комментарием) обнуляет счётчик. При превышении задача уходит в `waiting_human: run_limit` с историей запусков; варианты те же, что в UC-10.",AC v0.1 UC-10 L31 (связанный; не всегда точный),M1,M1-RUNLIMIT-01; M1-RUNLIMIT-02,M1-RUNLIMIT-01: full unchecked: event taskUpdated; M1-RUNLIMIT-02: full unchecked: event taskUpdated,Все человеческие команды reset не охвачены.
R-1.5-01,§1.5,88,"Столбец это экземпляр одного из типов стадий, зашитых в код: `queue`, `agent`, `gate` (только команды без ИИ), `human`, `merge`, `terminal`. Всё остальное задаётся в `.kaban/pipeline.yaml` (поля и пример в архитектуре, раздел 3.1).",нет критерия,M1/M2/M3,нет покрытия,нет покрытия сценариями M1,Нет отдельного M1 JSON с этим точным ожиданием.
R-1.5-02,§1.5,92,"| Идентичность | стабильный `id` (не меняется), имя | все | переименование и перестановка не ломают задачи |",нет критерия,M1/M2/M3,нет покрытия,нет покрытия сценариями M1,Нет отдельного M1 JSON с этим точным ожиданием.
R-1.5-03,§1.5,93,"| Отображение | иконка, цвет, порядок, свёрнут по умолчанию, скрыт; `gate` рисуется тонкой полосой | все | доска под свой вкус |",нет критерия,M1/M2/M3,нет покрытия,нет покрытия сценариями M1,Нет отдельного M1 JSON с этим точным ожиданием.
R-1.5-04,§1.5,94,"| Пропускная способность | WIP-лимит, правило приоритета (по умолчанию: возвращённые, отвеченные человеком, потом по очереди) | `agent`, `gate`, `human` | управлять нагрузкой |",нет критерия,M1/M2/M3,нет покрытия,нет покрытия сценариями M1,Нет отдельного M1 JSON с этим точным ожиданием.
R-1.5-05,§1.5,95,"| Исполнитель | харнес (в MVP только Cursor), **явная модель (обязательна, `auto` запрещён)**, скилл (промпт роли) | `agent` | своя роль на стадию, предсказуемое качество |",нет критерия,M1/M2/M3,нет покрытия,нет покрытия сценариями M1,Нет отдельного M1 JSON с этим точным ожиданием.
R-1.5-06,§1.5,96,"| Права | запись или только чтение; MCP стадии: сервер доски всегда, остальные только выбором из белого списка проекта (UC-24); переопределения git-политики проекта (сузить или расширить по условию, UC-19) | `agent` | ревьюер не правит код, лишних инструментов у агента нет |",нет критерия,M1/M2/M3,нет покрытия,нет покрытия сценариями M1,Нет отдельного M1 JSON с этим точным ожиданием.
R-1.5-07,§1.5,97,"| Окружение | несекретные переменные окружения (секреты только по имени ключа в Keychain); рабочая копия: клон задачи или свежий клон только на чтение | `agent` | изоляция, воспроизводимость |",нет критерия,M1/M2/M3,нет покрытия,нет покрытия сценариями M1,Нет отдельного M1 JSON с этим точным ожиданием.
R-1.5-08,§1.5,98,"| Вход | задача, резюме прошлой стадии, дифф, отчёт гейтов, замечания возврата, действующие git-разрешения | `agent`, `human` | агент видит нужный контекст |",нет критерия,M1/M2/M3,нет покрытия,нет покрытия сценариями M1,Нет отдельного M1 JSON с этим точным ожиданием.
R-1.5-09,§1.5,99,"| Выход | гейты (сборка, тесты, линтер) | `agent`, `gate`, `merge` | «готово» подтверждается проверками |",нет критерия,M1/M2/M3,нет покрытия,нет покрытия сценариями M1,Нет отдельного M1 JSON с этим точным ожиданием.
R-1.5-10,§1.5,100,"| Переходы | куда при успехе; куда можно вернуть и с каким лимитом; поведение при провале гейта и конфликте | все, кроме `terminal` | свой процесс команды |",нет критерия,M1/M2/M3,нет покрытия,нет покрытия сценариями M1,Нет отдельного M1 JSON с этим точным ожиданием.
R-1.5-11,§1.5,101,"| Надёжность | число попыток и паузы, таймаут зависания, общий таймаут стадии | `agent`, `gate` | не висеть вечно |",нет критерия,M1/M2/M3,нет покрытия,нет покрытия сценариями M1,Нет отдельного M1 JSON с этим точным ожиданием.
R-1.5-12,§1.5,102,"| Хуки и уведомления | свои скрипты на входе и выходе, о каких событиях уведомлять | все | интеграции |",нет критерия,M1/M2/M3,нет покрытия,нет покрытия сценариями M1,Нет отдельного M1 JSON с этим точным ожиданием.
R-1.5-13,§1.5,104,"**Уровень пайплайна** (тот же файл, процесс команды):",нет критерия,M1/M2/M3,нет покрытия,нет покрытия сценариями M1,Нет отдельного M1 JSON с этим точным ожиданием.
R-1.5-14,§1.5,105,"- `max_waiting_human`, общий потолок возвратов на задачу, `max_runs_per_task`;",нет критерия,M1/M2/M3,нет покрытия,нет покрытия сценариями M1,Нет отдельного M1 JSON с этим точным ожиданием.
R-1.5-15,§1.5,106,"- **рабочая копия** (`workspace`): `warm_paths`, которые мгновенно копируются из основной копии через APFS clonefile, и необязательная команда `on_create` (например, `npm ci --prefer-offline`);",нет критерия,M2,нет покрытия,нет покрытия сценариями M1,"Clone/MCP/Seatbelt/runtime boundary: M2, не M1 decoder."
R-1.5-16,§1.5,107,"- **политика git проекта** (`git`, вкладка git в настройках проекта): пресет и списки разрешённых и запрещённых команд; стадия хранит только переопределения. В UI видно, что унаследовано, что переопределено, и итоговую политику каждой стадии (архитектура, 8.4);",нет критерия,M1/M2/M3,нет покрытия,нет покрытия сценариями M1,Нет отдельного M1 JSON с этим точным ожиданием.
R-1.5-17,§1.5,108,"- **подозрительные файлы** (`suspicious_files`): шаблоны путей, порог размера и исключения (UC-25).",нет критерия,M1/M2/M3,нет покрытия,нет покрытия сценариями M1,Нет отдельного M1 JSON с этим точным ожиданием.
R-1.5-18,§1.5,112,"| «Строгий» | только чтение: `status`, `diff`, `log`, `show` | только демон: один коммит стадии после зелёных гейтов, сообщение из `summary` в `complete_stage` |",нет критерия,M1/M2/M3,нет покрытия,нет покрытия сценариями M1,Нет отдельного M1 JSON с этим точным ожиданием.
R-1.5-19,§1.5,113,"| «Стандартный» (по умолчанию) | чтение плюс `add`, `commit`, `restore --staged` в ветке своей задачи | агент, плюс страховочный коммит демона после гейтов |",нет критерия,M1/M2/M3,нет покрытия,нет покрытия сценариями M1,Нет отдельного M1 JSON с этим точным ожиданием.
R-1.5-20,§1.5,114,"| «Свободный» | стандартный плюс `stash`, `rebase`, `reset` (включая `--hard`) только в пределах своей ветки | агент, плюс страховочный коммит демона |",нет критерия,M1/M2/M3,нет покрытия,нет покрытия сценариями M1,Нет отдельного M1 JSON с этим точным ожиданием.
R-1.5-21,§1.5,116,"«В пределах своей ветки» значит: цель `rebase` или `reset` это коммит из ветки задачи не старше её базы. Во всех пресетах нельзя `push`, `remote`, `config`, теги, удаление веток, `--force`, `checkout` и `rebase` на `main`. Read-only стадия сужает любой пресет до чтения.",нет критерия,M1/M2/M3,нет покрытия,нет покрытия сценариями M1,Нет отдельного M1 JSON с этим точным ожиданием.
R-1.5-22,§1.5,118,"**Жёсткие правила, которые не снимает ни один пресет, даже свободный** (арх. v0.11.21 §8.2, §8.4, демон отдаёт их списком id в `EffectiveGitPolicy.hardInvariants` всегда все семь и в этом порядке, UI его не меняет; команде достаётся первый совпавший id, например `push --force` → `push`, `branch -f` → `foreign_refs`; шаблоны проверки только в демоне, UI рисует то, что пришло, и счётчик считает по данным):",нет критерия,M1/M2/M3,нет покрытия,нет покрытия сценариями M1,Нет отдельного M1 JSON с этим точным ожиданием.
R-1.5-23,§1.5,119,- `push`: агент не пушит;,нет критерия,M1/M2/M3,нет покрытия,нет покрытия сценариями M1,Нет отдельного M1 JSON с этим точным ожиданием.
R-1.5-24,§1.5,120,- `remote`: не меняет remotes;,нет критерия,M1/M2/M3,нет покрытия,нет покрытия сценариями M1,Нет отдельного M1 JSON с этим точным ожиданием.
R-1.5-25,§1.5,121,"- `config`: не меняет git config и не пишет в `.git/config`, `.git/hooks/`, `.git/info/` клона (это запрещает песочница; свои git-вызовы в клоне демон делает с отключёнными hooks и fsmonitor, поэтому подложенная команда не выполнится при merge);",нет критерия,M2,нет покрытия,нет покрытия сценариями M1,"Clone/MCP/Seatbelt/runtime boundary: M2, не M1 decoder."
R-1.5-26,§1.5,122,- `tag`: не создаёт и не двигает теги;,нет критерия,M1/M2/M3,нет покрытия,нет покрытия сценариями M1,Нет отдельного M1 JSON с этим точным ожиданием.
R-1.5-27,§1.5,123,"- `force`: `--force*` на любой команде (по префиксу, в том числе безвредный `rebase --force-rebase`: простое правило важнее), `-f` там, где он принудительный (`checkout`, `switch`, `add`, `rm`, `mv`, `clean`, `worktree`, `submodule`, в том числе в связках вроде `-fd`). `grep -f`, `blame -f`, `ls-files -f` разрешены. Любой `clean` без `-n`/`--dry-run` запрещён (в том числе `clean -i` и `clean` без `-f`), разрешён только пробный прогон: удаление неотслеживаемых файлов не отменить;",нет критерия,M1/M2/M3,нет покрытия,нет покрытия сценариями M1,Нет отдельного M1 JSON с этим точным ожиданием.
R-1.5-28,§1.5,124,"- `foreign_refs`: не двигает `main` и чужие ветки (в т. ч. `checkout`/`switch`/`rebase` на `main` в любой записи, включая `origin/main`, `refs/heads/main`, `main~n`; удаление веток, `branch -f/-m/-M/-C`, `checkout -B`, `switch -C`, `update-ref`, `symbolic-ref`, `filter-branch`, `reflog expire`). Обычное создание ветки (`-b`/`-c`) сюда не входит. У `notes`, `fetch` и `worktree` статического шаблона нет: цель, которую они пишут, проверяет `/git/check` при вызове;",нет критерия,M1/M2/M3,нет покрытия,нет покрытия сценариями M1,Нет отдельного M1 JSON с этим точным ожиданием.
R-1.5-29,§1.5,125,"- `kaban_dir`: не пишет в `.kaban/` (блокируют `/git/check` и песочница, в списке — для показа).",нет критерия,M2,нет покрытия,нет покрытия сценариями M1,"Clone/MCP/Seatbelt/runtime boundary: M2, не M1 decoder."
R-1.5-30,§1.5,127,"На плитке короткая подпись, полный текст из списка выше показывается в поповере по наведению или клику. Незнакомый id показывается моноширинным, без подписи.",нет критерия,M3,нет покрытия,нет покрытия сценариями M1,"Текст/рендер API отсутствует; каталог F4 отдельно, Designer исключён."
R-1.5-31,§1.5,131,| `push` | Без push |,нет критерия,M3,нет покрытия,нет покрытия сценариями M1,"Текст/рендер API отсутствует; каталог F4 отдельно, Designer исключён."
R-1.5-32,§1.5,132,| `remote` | Remotes не меняются |,нет критерия,M3,нет покрытия,нет покрытия сценариями M1,"Текст/рендер API отсутствует; каталог F4 отдельно, Designer исключён."
R-1.5-33,§1.5,133,| `config` | Git config и hooks не меняются |,нет критерия,M3,нет покрытия,нет покрытия сценариями M1,"Текст/рендер API отсутствует; каталог F4 отдельно, Designer исключён."
R-1.5-34,§1.5,134,| `tag` | Теги не трогаются |,нет критерия,M3,нет покрытия,нет покрытия сценариями M1,"Текст/рендер API отсутствует; каталог F4 отдельно, Designer исключён."
R-1.5-35,§1.5,135,| `force` | Без принудительных флагов |,нет критерия,M3,нет покрытия,нет покрытия сценариями M1,"Текст/рендер API отсутствует; каталог F4 отдельно, Designer исключён."
R-1.5-36,§1.5,136,| `foreign_refs` | `main` и чужие ветки не двигаются |,нет критерия,M3,нет покрытия,нет покрытия сценариями M1,"Текст/рендер API отсутствует; каталог F4 отдельно, Designer исключён."
R-1.5-37,§1.5,137,| `kaban_dir` | `.kaban/` только для демона |,нет критерия,M3,нет покрытия,нет покрытия сценариями M1,"Текст/рендер API отсутствует; каталог F4 отдельно, Designer исключён."
R-1.5-38,§1.5,139,"Слияние в `main` делает только демон. Политика из файла настраивает только фильтр (обёртку `git`); песочница и проверка результата демоном работают всегда (архитектура, 8.2).",нет критерия,M2,нет покрытия,нет покрытия сценариями M1,"Clone/MCP/Seatbelt/runtime boundary: M2, не M1 decoder."
R-1.5-39,§1.5,141,"**Уровень Мака** (локальная база, не в репозитории): общий потолок одновременных процессов агентов на все проекты (по умолчанию 4), вес проекта и его личный максимум, маскот, ручные паузы, справочник моделей и пулов (1.6), опция квоты Cursor (UC-21).",нет критерия,M1/M2/M3,нет покрытия,нет покрытия сценариями M1,Нет отдельного M1 JSON с этим точным ожиданием.
R-1.5-40,§1.5,143,"**Уровень проекта, хранится на Маке** (вкладки настроек проекта, не в репозитории): белый список MCP (UC-24) и путь к папке проекта.",нет критерия,M2,нет покрытия,нет покрытия сценариями M1,"Clone/MCP/Seatbelt/runtime boundary: M2, не M1 decoder."
R-1.5-41,§1.5,145,"**Где живёт пайплайн.** Источник правды это закоммиченный `main:.kaban/`. Сохранение из настроек демон валидирует и сам коммитит только `.kaban/` отдельным коммитом, правки человека в рабочей копии не трогает. Пока в редакторе есть ошибки, «Сохранить» неактивна: некорректная версия в `main` не попадает, черновик живёт только в открытом редакторе. Ручную правку файла демон валидирует и показывает в настройках как «есть незакоммиченные правки» с кнопкой «Применить»; молча не коммитит.",нет критерия,M1/M2/M3,нет покрытия,нет покрытия сценариями M1,Нет отдельного M1 JSON с этим точным ожиданием.
R-1.5-42,§1.5,147,"**Валидатор** не применит пайплайн без пути до Done, с возвратом вперёд по цепочке, без единственной стадии `merge`, с удалённой непустой стадией или с агентской стадией без явной модели (либо с `auto`). Если некорректная версия всё же оказалась в `main` (шаблон нового проекта или ручной коммит), проект получает флаг «пайплайн некорректен»: идущие запуски доигрывают, новые не стартуют и задачи не переходят между стадиями, пока в `main` не появится корректная версия.",AC v0.1 UC-23 L44 (связанный; не всегда точный),M1,M1-PIPE-01; M1-PIPE-02,M1-PIPE-01: partial (step 1: pipelineApplied → project flags / scheduler); M1-PIPE-02: partial (step 1: non-task command → daemon/validator),"Validation units, project dispatch partial."
R-1.6-01,§1.6,150,"- Модель стадии всегда явная, демон всегда передаёт её в `cursor-agent`. Auto запрещён: его нет в списках выбора, а `auto` в файле не проходит валидацию. `composer-*` это конкретная модель Cursor, она разрешена.",AC v0.1 UC-23 L44 (связанный; не всегда точный),M1,M1-PIPE-01,M1-PIPE-01: partial (step 1: pipelineApplied → project flags / scheduler),"Auto validator unit, daemon CLI args M2."
R-1.6-02,§1.6,151,"- У Cursor два месячных пула: **Cm** (модели Cursor, `composer-*`) и **Om** (остальные именные модели). Справочник «модель → пул» хранится локально: встроенное правило `composer-*` → Cm, всё остальное → Om, плюс ручные исключения человека.",AC v0.1 UC-09 L30 (связанный; не всегда точный),M1; recognition M4,M1-POOL-01; M1-POOL-02,"M1-POOL-01: partial (step 1: multi-task tick → scheduler (WIP, flags, fairness)) unchecked: given.flags; M1-POOL-02: partial (step 1: multi-task tick → scheduler (WIP, flags, fairness)) unchecked: given.flags","Resolver unit, scheduler partial."
R-1.6-03,§1.6,152,"- Список моделей берётся из `cursor-agent --list-models` при старте демона и раз в сутки. Новая модель, которую не покрыло ни одно ручное исключение, получает значок «проверь пул» и по умолчанию считается Om. Модель стадии пропала из списка → сразу флаг «модель недоступна» на эту модель (UC-09), без пробного запуска.",AC v0.1 UC-09 L30 (связанный; не всегда точный),M1; recognition M4,M1-MODELFLAG-01,"M1-MODELFLAG-01: partial (step 1: multi-task tick → scheduler (WIP, flags, fairness)) unchecked: given.flags",Daily refresh/probe dispatcher отсутствует.
R-1.6-04,§1.6,153,"- Модель меняет только человек и только на явную; автоподмены нет. Рядом с моделью в редакторе стадии видно, из какого пула она тратит.",AC v0.1 UC-22 L43 (связанный; не всегда точный),M1; live check M2,M1-SUBST-01,"M1-SUBST-01: partial (step 2: multi-task tick → scheduler (WIP, flags, fairness)) unchecked: ephemeral,event taskUpdated",Автоподмена/kill partial; model editor M3.
R-4-01,§4,477,| WIP: Dev / Test / AI Review / Human Review | 3 / 2 / 2 / 5 |,нет критерия,M1/M2/M4,нет покрытия,нет покрытия сценариями M1,Значение default не равно явно заданной fixture; нужна отдельная default/admission проверка.
R-4-02,§4,478,| `max_waiting_human` на проект (без задач на ревью) | 3 |,нет критерия,M1/M2/M4,нет покрытия,нет покрытия сценариями M1,Значение default не равно явно заданной fixture; нужна отдельная default/admission проверка.
R-4-03,§4,479,| Возвраты: Test→Dev / AI Review→Dev / конфликт / всего | 3 / 2 / 2 / 5 |,нет критерия,M1/M2/M4,нет покрытия,нет покрытия сценариями M1,Значение default не равно явно заданной fixture; нужна отдельная default/admission проверка.
R-4-04,§4,480,"| Попыток на стадию / паузы между ними | 3 / 30 с, 2 мин |",нет критерия,M1/M2/M4,нет покрытия,нет покрытия сценариями M1,Значение default не равно явно заданной fixture; нужна отдельная default/admission проверка.
R-4-05,§4,481,| Лимит автоматических запусков на задачу (`max_runs_per_task`) | 12 |,нет критерия,M1/M2/M4,нет покрытия,нет покрытия сценариями M1,Значение default не равно явно заданной fixture; нужна отдельная default/admission проверка.
R-4-06,§4,482,| Таймаут зависания / общий таймаут стадии | 10 мин / 60 мин |,нет критерия,M1/M2/M4,нет покрытия,нет покрытия сценариями M1,Значение default не равно явно заданной fixture; нужна отдельная default/admission проверка.
R-4-07,§4,483,| Cooldown по rate-limit | 15 → 30 → 60 мин |,нет критерия,M1/M2/M4,нет покрытия,нет покрытия сценариями M1,Значение default не равно явно заданной fixture; нужна отдельная default/admission проверка.
R-4-08,§4,484,| Пробный запуск на модели / при неизвестной дате сброса | не чаще раза в 10 мин / раз в 6 ч |,нет критерия,M1/M2/M4,нет покрытия,нет покрытия сценариями M1,Значение default не равно явно заданной fixture; нужна отдельная default/admission проверка.
R-4-09,§4,485,| Сверка списка моделей | при старте демона и раз в сутки |,нет критерия,M1/M2/M4,нет покрытия,нет покрытия сценариями M1,Значение default не равно явно заданной fixture; нужна отдельная default/admission проверка.
R-4-10,§4,486,| Опция квоты / интервал опроса / пороги Cm и Om | выключена / 5 мин / 10% и 10% |,нет критерия,M1/M2/M4,нет покрытия,нет покрытия сценариями M1,Значение default не равно явно заданной fixture; нужна отдельная default/admission проверка.
R-4-11,§4,487,| Свежесть данных квоты перед стартом / устаревание | 60 с / 30 мин |,нет критерия,M1/M2/M4,нет покрытия,нет покрытия сценариями M1,Значение default не равно явно заданной fixture; нужна отдельная default/admission проверка.
R-4-12,§4,488,"| Запас квоты на идущий запуск, пока нет истории | 2% |",нет критерия,M1/M2/M4,нет покрытия,нет покрытия сценариями M1,Значение default не равно явно заданной fixture; нужна отдельная default/admission проверка.
R-4-13,§4,489,"| Модель стадии | **нет значения по умолчанию**, указывается явно |",нет критерия,M1/M2/M4,нет покрытия,нет покрытия сценариями M1,Значение default не равно явно заданной fixture; нужна отдельная default/admission проверка.
R-4-14,§4,490,| MCP в запусках | только сервер доски |,нет критерия,M1/M2/M4,нет покрытия,нет покрытия сценариями M1,Значение default не равно явно заданной fixture; нужна отдельная default/admission проверка.
R-4-15,§4,491,| Плановая проверка Cursor | раз в 5 мин |,нет критерия,M1/M2/M4,нет покрытия,нет покрытия сценариями M1,Значение default не равно явно заданной fixture; нужна отдельная default/admission проверка.
R-4-16,§4,492,| Общий потолок процессов агентов на Мак | 4 |,нет критерия,M1/M2/M4,нет покрытия,нет покрытия сценариями M1,Значение default не равно явно заданной fixture; нужна отдельная default/admission проверка.
R-4-17,§4,493,| Git-пресет / отказов за запуск до остановки | «Стандартный» / 5 |,нет критерия,M1/M2/M4,нет покрытия,нет покрытия сценариями M1,Значение default не равно явно заданной fixture; нужна отдельная default/admission проверка.
R-4-18,§4,494,"| Подозрительные файлы: шаблоны / порог размера / исключения | `.env*`, `*.pem`, `*.key`, `*.p12`, `id_rsa*`, `id_ed25519*` / 5 МБ / `.env.example` |",нет критерия,M1/M2/M4,нет покрытия,нет покрытия сценариями M1,Значение default не равно явно заданной fixture; нужна отдельная default/admission проверка.
R-4.1-01,§4.1,497,"Код приходит в `ValidationIssue.code` (все 37 кодов в `ValidationCode`, арх. v0.11.21). UI показывает текст из таблицы.",нет критерия,M1 validator; M3 text,нет покрытия,нет покрытия сценариями M1,"Нет отдельного критерия v0.1/JSON на точный code+params+fallback; AN4 сверяет 37 кодов, M3 formatter отсутствует."
R-4.1-02,§4.1,498,"- Подстановки: `{stage}` — имя стадии по `stageId`, `{path}` — `ValidationIssue.path`, остальные ключи (`line`, `n`, `value`, `key`, `id`, `field`, `kind`, `harness`, `min`, `max`, `label`, `name`, `when`, `cmd`) — из `ValidationIssue.params`.",нет критерия,M1 validator; M3 text,нет покрытия,нет покрытия сценариями M1,"Нет отдельного критерия v0.1/JSON на точный code+params+fallback; AN4 сверяет 37 кодов, M3 formatter отсутствует."
R-4.1-03,§4.1,499,"- Если нужного ключа нет (старый демон, `params` = `[:]`), UI показывает `message` как есть. Неизвестный код — `message` плюс код моноширинным.",нет критерия,M1 validator; M3 text,нет покрытия,нет покрытия сценариями M1,"Нет отдельного критерия v0.1/JSON на точный code+params+fallback; AN4 сверяет 37 кодов, M3 formatter отсутствует."
R-4.1-04,§4.1,500,"- Ошибка или предупреждение определяется **только** по `severity`, не по коду. ⚠ в таблице — коды, которые обычно приходят предупреждением: `unknown_key`, `mcp_not_allowlisted`, `git_unknown_command` и `field_not_allowed_for_kind` для `wip`. Предупреждение сохранение не блокирует.",нет критерия,M1 validator; M3 text,нет покрытия,нет покрытия сценариями M1,"Нет отдельного критерия v0.1/JSON на точный code+params+fallback; AN4 сверяет 37 кодов, M3 formatter отсутствует."
R-4.1-05,§4.1,504,"| `yaml_syntax` | YAML не разбирается; `path` пустой | Ошибка в YAML, строка {line} |",нет критерия,M1 validator; M3 text,нет покрытия,нет покрытия сценариями M1,"Нет отдельного критерия v0.1/JSON на точный code+params+fallback; AN4 сверяет 37 кодов, M3 formatter отсутствует."
R-4.1-06,§4.1,505,"| `version_unsupported` | `version` ≠ 1 | Версия пайплайна {n} не поддерживается, нужна 1 |",нет критерия,M1 validator; M3 text,нет покрытия,нет покрытия сценариями M1,"Нет отдельного критерия v0.1/JSON на точный code+params+fallback; AN4 сверяет 37 кодов, M3 formatter отсутствует."
R-4.1-07,§4.1,506,| `type_mismatch` | не тот тип: список вместо словаря и т. п. | Неверный формат поля `{path}` |,нет критерия,M1 validator; M3 text,нет покрытия,нет покрытия сценариями M1,"Нет отдельного критерия v0.1/JSON на точный code+params+fallback; AN4 сверяет 37 кодов, M3 formatter отсутствует."
R-4.1-08,§4.1,507,"| `missing_field` | нет обязательного поля (`version`, `stages`, `id`, `kind`, `stage`/`limit` у `returns_to`) или у gate-стадии нет гейтов; у `on_fail` поля `stage` и `limit` необязательны | Не заполнено обязательное поле `{path}` |",нет критерия,M1 validator; M3 text,нет покрытия,нет покрытия сценариями M1,"Нет отдельного критерия v0.1/JSON на точный code+params+fallback; AN4 сверяет 37 кодов, M3 formatter отсутствует."
R-4.1-09,§4.1,508,"| `invalid_value` | значение не из списка (kind, preset, priority, permissions, workspace, длительность) или пустое git-правило | Недопустимое значение `{value}` в `{path}` |",нет критерия,M1 validator; M3 text,нет покрытия,нет покрытия сценариями M1,"Нет отдельного критерия v0.1/JSON на точный code+params+fallback; AN4 сверяет 37 кодов, M3 formatter отсутствует."
R-4.1-10,§4.1,509,"| `unknown_key` ⚠ | лишний ключ; в `params` есть `line` | Неизвестный ключ `{key}` (строка {line}), он будет проигнорирован |",нет критерия,M1 validator; M3 text,нет покрытия,нет покрытия сценариями M1,"Нет отдельного критерия v0.1/JSON на точный code+params+fallback; AN4 сверяет 37 кодов, M3 formatter отсутствует."
R-4.1-11,§4.1,510,| `no_stages` | список стадий пуст | В пайплайне нет стадий |,нет критерия,M1 validator; M3 text,нет покрытия,нет покрытия сценариями M1,"Нет отдельного критерия v0.1/JSON на точный code+params+fallback; AN4 сверяет 37 кодов, M3 formatter отсутствует."
R-4.1-12,§4.1,511,"| `invalid_id` | id не из `a-z 0-9 - _` | Id стадии может содержать только строчные латинские буквы, цифры, «-» и «_» |",нет критерия,M1 validator; M3 text,нет покрытия,нет покрытия сценариями M1,"Нет отдельного критерия v0.1/JSON на точный code+params+fallback; AN4 сверяет 37 кодов, M3 formatter отсутствует."
R-4.1-13,§4.1,512,| `duplicate_id` | id стадии повторяется или цель в `returns_to` указана дважды | Стадия: «Id «{id}» уже занят другой стадией»; в `returns_to`: «Возврат в «{id}» указан дважды» (по `path`) |,нет критерия,M1 validator; M3 text,нет покрытия,нет покрытия сценариями M1,"Нет отдельного критерия v0.1/JSON на точный code+params+fallback; AN4 сверяет 37 кодов, M3 formatter отсутствует."
R-4.1-14,§4.1,513,| `unknown_stage` | ссылка на несуществующий id | Стадии «{id}» нет в пайплайне |,нет критерия,M1 validator; M3 text,нет покрытия,нет покрытия сценариями M1,"Нет отдельного критерия v0.1/JSON на точный code+params+fallback; AN4 сверяет 37 кодов, M3 formatter отсутствует."
R-4.1-15,§4.1,514,"| `queue_count` | Backlog не ровно один | Нужна ровно одна стадия Backlog, сейчас {n} |",нет критерия,M1 validator; M3 text,нет покрытия,нет покрытия сценариями M1,"Нет отдельного критерия v0.1/JSON на точный code+params+fallback; AN4 сверяет 37 кодов, M3 formatter отсутствует."
R-4.1-16,§4.1,515,"| `merge_count` | Merge не ровно один | Нужна ровно одна стадия Merge, сейчас {n} |",нет критерия,M1 validator; M3 text,нет покрытия,нет покрытия сценариями M1,"Нет отдельного критерия v0.1/JSON на точный code+params+fallback; AN4 сверяет 37 кодов, M3 formatter отсутствует."
R-4.1-17,§4.1,516,| `terminal_missing` | нет Done | Нет стадии Done |,нет критерия,M1 validator; M3 text,нет покрытия,нет покрытия сценариями M1,"Нет отдельного критерия v0.1/JSON на точный code+params+fallback; AN4 сверяет 37 кодов, M3 formatter отсутствует."
R-4.1-18,§4.1,517,"| `terminal_has_on_success` | у Done есть `on_success` | Done — последняя стадия, «Дальше» у неё не задаётся |",нет критерия,M1 validator; M3 text,нет покрытия,нет покрытия сценариями M1,"Нет отдельного критерия v0.1/JSON на точный code+params+fallback; AN4 сверяет 37 кодов, M3 formatter отсутствует."
R-4.1-19,§4.1,518,"| `on_success_missing` | у стадии нет `on_success` | Не указано, куда задача идёт после «{stage}» |",нет критерия,M1 validator; M3 text,нет покрытия,нет покрытия сценариями M1,"Нет отдельного критерия v0.1/JSON на точный code+params+fallback; AN4 сверяет 37 кодов, M3 formatter отсутствует."
R-4.1-20,§4.1,519,| `on_success_cycle` | цепочка `on_success` зациклена | Стадии идут по кругу: задача никогда не дойдёт до Done |,нет критерия,M1 validator; M3 text,нет покрытия,нет покрытия сценариями M1,"Нет отдельного критерия v0.1/JSON на точный code+params+fallback; AN4 сверяет 37 кодов, M3 formatter отсутствует."
R-4.1-21,§4.1,520,| `terminal_unreachable` | от стадии не дойти до Done | Из «{stage}» задача не дойдёт до Done |,нет критерия,M1 validator; M3 text,нет покрытия,нет покрытия сценариями M1,"Нет отдельного критерия v0.1/JSON на точный code+params+fallback; AN4 сверяет 37 кодов, M3 formatter отсутствует."
R-4.1-22,§4.1,521,"| `field_not_allowed_for_kind` | `agent`, `gates`, `on_fail`, `on_conflict`, `git` на чужом типе стадии — ошибка; `wip` у queue- и terminal-стадий — ⚠ | Поле `{field}` не используется у стадий типа {kind} |",нет критерия,M1 validator; M3 text,нет покрытия,нет покрытия сценариями M1,"Нет отдельного критерия v0.1/JSON на точный code+params+fallback; AN4 сверяет 37 кодов, M3 formatter отсутствует."
R-4.1-23,§4.1,522,"| `returns_not_allowed` | `returns_to` не у agent-стадии | Возвраты через `returns_to` есть только у агентских стадий; у проверки — «Если не прошло», у Merge — «При конфликте» |",нет критерия,M1 validator; M3 text,нет покрытия,нет покрытия сценариями M1,"Нет отдельного критерия v0.1/JSON на точный code+params+fallback; AN4 сверяет 37 кодов, M3 formatter отсутствует."
R-4.1-24,§4.1,523,| `returns_forward` | возврат вперёд по цепочке | Вернуть можно только на более раннюю стадию |,нет критерия,M1 validator; M3 text,нет покрытия,нет покрытия сценариями M1,"Нет отдельного критерия v0.1/JSON на точный code+params+fallback; AN4 сверяет 37 кодов, M3 formatter отсутствует."
R-4.1-25,§4.1,524,"| `no_return_target` | три случая: нет цели по умолчанию, цель read-only, цель не agent-стадия. Со `stageId` — у стадии с этим возвратом; уровень пайплайна — `path` = `stages`, без `stageId` | Со `stageId`: Вернуть можно только на агентскую стадию, которая правит код; без: Некуда вернуть: нет стадии, которая правит код |",нет критерия,M1 validator; M3 text,нет покрытия,нет покрытия сценариями M1,"Нет отдельного критерия v0.1/JSON на точный code+params+fallback; AN4 сверяет 37 кодов, M3 formatter отсутствует."
R-4.1-26,§4.1,525,| `agent_missing` | у agent-стадии нет блока `agent` | У стадии «{stage}» не настроен агент |,нет критерия,M1 validator; M3 text,нет покрытия,нет покрытия сценариями M1,"Нет отдельного критерия v0.1/JSON на точный code+params+fallback; AN4 сверяет 37 кодов, M3 formatter отсутствует."
R-4.1-27,§4.1,526,| `model_missing` | у agent-стадии нет модели | У стадии «{stage}» не выбрана модель |,нет критерия,M1 validator; M3 text,нет покрытия,нет покрытия сценариями M1,"Нет отдельного критерия v0.1/JSON на точный code+params+fallback; AN4 сверяет 37 кодов, M3 formatter отсутствует."
R-4.1-28,§4.1,527,| `model_auto_forbidden` | модель `auto` | Модель auto не подходит: выберите модель явно |,нет критерия,M1 validator; M3 text,нет покрытия,нет покрытия сценариями M1,"Нет отдельного критерия v0.1/JSON на точный code+params+fallback; AN4 сверяет 37 кодов, M3 formatter отсутствует."
R-4.1-29,§4.1,528,| `harness_unsupported` | неподдерживаемый `agent.harness` | Исполнитель `{harness}` не поддерживается |,нет критерия,M1 validator; M3 text,нет покрытия,нет покрытия сценариями M1,"Нет отдельного критерия v0.1/JSON на точный code+params+fallback; AN4 сверяет 37 кодов, M3 formatter отсутствует."
R-4.1-30,§4.1,529,| `wip_out_of_range` | WIP вне 1…50 (у Merge ровно 1) | WIP должен быть от {min} до {max} |,нет критерия,M1 validator; M3 text,нет покрытия,нет покрытия сценариями M1,"Нет отдельного критерия v0.1/JSON на точный code+params+fallback; AN4 сверяет 37 кодов, M3 formatter отсутствует."
R-4.1-31,§4.1,530,"| `limit_out_of_range` | `{label}` — имя поля YAML: `bounce_limit_total` 0…100, `max_waiting_human` 1…100, `max_runs_per_task` 1…1000, лимиты возвратов 1…100; `max_file_mb` > 0 без верхней границы | {label} должен быть от {min} до {max}; для `max_file_mb` (нет `min`/`max`) — `message` |",нет критерия,M1 validator; M3 text,нет покрытия,нет покрытия сценариями M1,"Нет отдельного критерия v0.1/JSON на точный code+params+fallback; AN4 сверяет 37 кодов, M3 formatter отсутствует."
R-4.1-32,§4.1,531,| `attempts_out_of_range` | `retry.max_attempts` вне 1…10 | Число попыток должно быть от {min} до {max} |,нет критерия,M1 validator; M3 text,нет покрытия,нет покрытия сценариями M1,"Нет отдельного критерия v0.1/JSON на точный code+params+fallback; AN4 сверяет 37 кодов, M3 formatter отсутствует."
R-4.1-33,§4.1,532,"| `duration_out_of_range` | длительность вне диапазона: stall 1m…2h, wall 1m…24h, пауза ретрая (`label` = `backoff`) 1s…1h; ещё stall больше wall (`max` = заданный wall) | {label} должен быть от {min} до {max} |",нет критерия,M1 validator; M3 text,нет покрытия,нет покрытия сценариями M1,"Нет отдельного критерия v0.1/JSON на точный code+params+fallback; AN4 сверяет 37 кодов, M3 formatter отсутствует."
R-4.1-34,§4.1,533,"| `backoff_too_long` | пауз больше, чем `max_attempts − 1`; `{max}` — допустимое число пауз (длинная пауза — это `duration_out_of_range`) | Пауз больше, чем попыток: допустимо не больше {max} |",нет критерия,M1 validator; M3 text,нет покрытия,нет покрытия сценариями M1,"Нет отдельного критерия v0.1/JSON на точный code+params+fallback; AN4 сверяет 37 кодов, M3 formatter отсутствует."
R-4.1-35,§4.1,534,| `secret_in_env` | в `env` значение похоже на секрет | Похоже на секрет в `{key}`: не храните секреты в pipeline.yaml |,нет критерия,M1 validator; M3 text,нет покрытия,нет покрытия сценариями M1,"Нет отдельного критерия v0.1/JSON на точный code+params+fallback; AN4 сверяет 37 кодов, M3 formatter отсутствует."
R-4.1-36,§4.1,535,| `mcp_not_allowlisted` ⚠ | MCP-сервер выключен в allowlist | MCP-сервер «{name}» выключен и в запусках будет недоступен |,нет критерия,M1 validator; M3 text,нет покрытия,нет покрытия сценариями M1,"Нет отдельного критерия v0.1/JSON на точный code+params+fallback; AN4 сверяет 37 кодов, M3 formatter отсутствует."
R-4.1-37,§4.1,536,| `git_hard_invariant` | правило пытается ослабить жёсткий запрет | Это ограничение git отключить нельзя |,нет критерия,M1 validator; M3 text,нет покрытия,нет покрытия сценариями M1,"Нет отдельного критерия v0.1/JSON на точный code+params+fallback; AN4 сверяет 37 кодов, M3 formatter отсутствует."
R-4.1-38,§4.1,537,| `git_condition_invalid` | неподдерживаемое `when` | Условие `{when}` не поддерживается: допустимо только `return_reason == <причина>` |,нет критерия,M1 validator; M3 text,нет покрытия,нет покрытия сценариями M1,"Нет отдельного критерия v0.1/JSON на точный code+params+fallback; AN4 сверяет 37 кодов, M3 formatter отсутствует."
R-4.1-39,§4.1,538,| `git_unknown_command` ⚠ | первого слова правила нет в каталоге известных команд | Неизвестная git-команда `{cmd}` (только первое слово правила): проверьте написание |,нет критерия,M1 validator; M3 text,нет покрытия,нет покрытия сценариями M1,"Нет отдельного критерия v0.1/JSON на точный code+params+fallback; AN4 сверяет 37 кодов, M3 formatter отсутствует."
R-4.1-40,§4.1,539,"| `git_readonly_extend` | read-only стадия разрешает в `git.extend` известную пишущую команду из `gitCommandCatalog` (в том числе с `when`); для команды вне каталога вместо него только ⚠ `git_unknown_command`; `{cmd}` — первое слово правила, path `stages[i].git.extend[j]` | Стадия «{stage}» только читает: `{cmd}` разрешить нельзя |",нет критерия,M1 validator; M3 text,нет покрытия,нет покрытия сценариями M1,"Нет отдельного критерия v0.1/JSON на точный code+params+fallback; AN4 сверяет 37 кодов, M3 formatter отсутствует."
R-4.1-41,§4.1,540,| `stage_has_active_tasks` | удаление/смена стадии с задачами (UC-13); `stageId` — удаляемая стадия | В «{stage}» есть задачи: сначала перенесите их |,нет критерия,M1 validator; M3 text,нет покрытия,нет покрытия сценариями M1,"Нет отдельного критерия v0.1/JSON на точный code+params+fallback; AN4 сверяет 37 кодов, M3 formatter отсутствует."
R-4.1-42,§4.1,542,"`{label}` приходит именем поля YAML; UI переводит его в подпись редактора пайплайна по таблице ниже, неизвестное имя показывает как есть.",нет критерия,M1 validator; M3 text,нет покрытия,нет покрытия сценариями M1,"Нет отдельного критерия v0.1/JSON на точный code+params+fallback; AN4 сверяет 37 кодов, M3 formatter отсутствует."
R-4.1-43,§4.1,546,| `bounce_limit_total` | Общий лимит возвратов |,нет критерия,M1 validator; M3 text,нет покрытия,нет покрытия сценариями M1,"Нет отдельного критерия v0.1/JSON на точный code+params+fallback; AN4 сверяет 37 кодов, M3 formatter отсутствует."
R-4.1-44,§4.1,547,"| `returns_to.limit` | Лимит возвратов (у пары, например «Test → Dev») |",нет критерия,M1 validator; M3 text,нет покрытия,нет покрытия сценариями M1,"Нет отдельного критерия v0.1/JSON на точный code+params+fallback; AN4 сверяет 37 кодов, M3 formatter отсутствует."
R-4.1-45,§4.1,548,| `on_fail.limit` | Лимит возвратов при красном гейте |,нет критерия,M1 validator; M3 text,нет покрытия,нет покрытия сценариями M1,"Нет отдельного критерия v0.1/JSON на точный code+params+fallback; AN4 сверяет 37 кодов, M3 formatter отсутствует."
R-4.1-46,§4.1,549,| `on_conflict.limit` | Лимит возвратов при конфликте |,нет критерия,M1 validator; M3 text,нет покрытия,нет покрытия сценариями M1,"Нет отдельного критерия v0.1/JSON на точный code+params+fallback; AN4 сверяет 37 кодов, M3 formatter отсутствует."
R-4.1-47,§4.1,550,| `max_waiting_human` | Лимит задач в ожидании человека |,нет критерия,M1 validator; M3 text,нет покрытия,нет покрытия сценариями M1,"Нет отдельного критерия v0.1/JSON на точный code+params+fallback; AN4 сверяет 37 кодов, M3 formatter отсутствует."
R-4.1-48,§4.1,551,| `max_runs_per_task` | Лимит запусков на задачу |,нет критерия,M1 validator; M3 text,нет покрытия,нет покрытия сценариями M1,"Нет отдельного критерия v0.1/JSON на точный code+params+fallback; AN4 сверяет 37 кодов, M3 formatter отсутствует."
R-4.1-49,§4.1,552,"| `max_file_mb` | Максимальный размер файла, МБ |",нет критерия,M1 validator; M3 text,нет покрытия,нет покрытия сценариями M1,"Нет отдельного критерия v0.1/JSON на точный code+params+fallback; AN4 сверяет 37 кодов, M3 formatter отсутствует."
R-4.1-50,§4.1,553,| `stall` | Таймаут зависания |,нет критерия,M1 validator; M3 text,нет покрытия,нет покрытия сценариями M1,"Нет отдельного критерия v0.1/JSON на точный code+params+fallback; AN4 сверяет 37 кодов, M3 formatter отсутствует."
R-4.1-51,§4.1,554,| `wall` | Общий таймаут стадии |,нет критерия,M1 validator; M3 text,нет покрытия,нет покрытия сценариями M1,"Нет отдельного критерия v0.1/JSON на точный code+params+fallback; AN4 сверяет 37 кодов, M3 formatter отсутствует."
R-4.1-52,§4.1,555,| `backoff` | Пауза перед повтором |,нет критерия,M1 validator; M3 text,нет покрытия,нет покрытия сценариями M1,"Нет отдельного критерия v0.1/JSON на точный code+params+fallback; AN4 сверяет 37 кодов, M3 formatter отсутствует."
R-4.1-53,§4.1,557,"У `duration_out_of_range` `{min}` и `{max}` приходят строками длительности (`1s`, `1m`, `2h`). UI показывает их по-русски («1 с», «1 мин», «2 ч»), а незнакомый формат выводит как есть. Если stall больше wall, `{max}` равен заданному wall: «Таймаут зависания должен быть от 1 мин до 30 мин».",нет критерия,M1 validator; M3 text,нет покрытия,нет покрытия сценариями M1,"Нет отдельного критерия v0.1/JSON на точный code+params+fallback; AN4 сверяет 37 кодов, M3 formatter отсутствует."
R-4.1-54,§4.1,558,Диапазоны спека не фиксирует: `min`/`max` присылает валидатор в `params`.,нет критерия,M1 validator; M3 text,нет покрытия,нет покрытия сценариями M1,"Нет отдельного критерия v0.1/JSON на точный code+params+fallback; AN4 сверяет 37 кодов, M3 formatter отсутствует."
